{"cameraMode":{"drawMode":0,"name":"Shaded","section":"Shading Mode"},"sceneLighting":false,"audioPlay":false,"sceneViewState":{"showFog":false,"showMaterialUpdate":false,"showSkybox":true,"showFlares":true,"showImageEffects":true,"showParticleSystems":true},"in2DMode":false,"pivot":{"x":-8.668044090270996,"y":1.0041065216064454,"z":-2.7200000286102297},"rotation":{"x":-0.7186627388000488,"y":0.1527474820613861,"z":-0.16697560250759126,"w":-0.6575038433074951},"size":15.687414169311524,"orthographic":false}