{"cameraMode":{"drawMode":0,"name":"Shaded","section":"Shading Mode"},"sceneLighting":false,"audioPlay":false,"sceneViewState":{"showFog":false,"showMaterialUpdate":false,"showSkybox":true,"showFlares":true,"showImageEffects":true,"showParticleSystems":true},"in2DMode":false,"pivot":{"x":-29.723098754882814,"y":9.999261856079102,"z":-29.665000915527345},"rotation":{"x":-0.6390275359153748,"y":0.010589313693344593,"z":-0.008816791698336602,"w":-0.769060492515564},"size":5.702040195465088,"orthographic":false}