{"cameraMode":{"drawMode":0,"name":"Shaded","section":"Shading Mode"},"sceneLighting":false,"audioPlay":false,"sceneViewState":{"showFog":false,"showMaterialUpdate":false,"showSkybox":true,"showFlares":true,"showImageEffects":true,"showParticleSystems":true},"in2DMode":false,"pivot":{"x":-14.546114921569825,"y":10.0,"z":-3.3355283737182619},"rotation":{"x":-0.6425329446792603,"y":0.004805301316082478,"z":-0.004044170957058668,"w":-0.7662323117256165},"size":17.17058563232422,"orthographic":false}