{"cameraMode":{"drawMode":0,"name":"Shaded","section":"Shading Mode"},"sceneLighting":false,"audioPlay":false,"sceneViewState":{"showFog":false,"showMaterialUpdate":false,"showSkybox":true,"showFlares":true,"showImageEffects":true,"showParticleSystems":true},"in2DMode":false,"pivot":{"x":-14.60999870300293,"y":10.0,"z":-3.328634262084961},"rotation":{"x":-0.7034938335418701,"y":0.0033873512875288727,"z":-0.0033719860948622228,"w":-0.7106852531433106},"size":10.134398460388184,"orthographic":false}