{"cameraMode":{"drawMode":0,"name":"Shaded","section":"Shading Mode"},"sceneLighting":false,"audioPlay":false,"sceneViewState":{"showFog":false,"showMaterialUpdate":false,"showSkybox":true,"showFlares":true,"showImageEffects":true,"showParticleSystems":true},"in2DMode":false,"pivot":{"x":-9.105563163757325,"y":0.9100000858306885,"z":-7.539999961853027},"rotation":{"x":0.6730208992958069,"y":0.005546195898205042,"z":-0.0050423722714185719,"w":0.7395855784416199},"size":5.153372764587402,"orthographic":false}