{"cameraMode":{"drawMode":0,"name":"Shaded","section":"Shading Mode"},"sceneLighting":false,"audioPlay":false,"sceneViewState":{"showFog":false,"showMaterialUpdate":false,"showSkybox":true,"showFlares":true,"showImageEffects":true,"showParticleSystems":true},"in2DMode":false,"pivot":{"x":-5.720152854919434,"y":0.6600000858306885,"z":-6.800000190734863},"rotation":{"x":-0.6818640828132629,"y":0.0015311946626752616,"z":-0.0014323333743959666,"w":-0.7314759492874146},"size":21.667163848876954,"orthographic":false}