{"cameraMode":{"drawMode":0,"name":"Shaded","section":"Shading Mode"},"sceneLighting":false,"audioPlay":false,"sceneViewState":{"showFog":false,"showMaterialUpdate":false,"showSkybox":true,"showFlares":true,"showImageEffects":true,"showParticleSystems":true},"in2DMode":false,"pivot":{"x":7.686059951782227,"y":14.77258014678955,"z":48.618064880371097},"rotation":{"x":-0.7202528119087219,"y":0.011628557927906514,"z":-0.012096184305846691,"w":-0.6935086846351624},"size":164.33639526367188,"orthographic":false}